"AFAM Concept, Inc. (JF Labs, Inc.)","AFAM Concept, Inc. (JF Labs, Inc.)"
"Avlon Industries, Inc.","Avlon Industries, Inc."
"Beauty Bell Enterprises, LLC (House of Cheatham, Inc.)","Beauty Bell Enterprises, LLC (House of Cheatham, Inc.)"
"House of Cheatham, LLC","House of Cheatham, LLC"
"L'Oreal USA, Inc. (SoftSheen-Carson LLC)","L'Oreal USA, Inc. (SoftSheen-Carson LLC)"
Luster Products Company,Luster Products Company
McBride Research Laboratories,McBride Research Laboratories
Namaste Laboratories,Namaste Laboratories
"Revlon, Inc.","Revlon, Inc."
"Strength of Nature, LLC","Strength of Nature, LLC"
